,RANK LAST WEEK,PLAYER NAME,ROUNDS,AVG,TOTAL PUTTS,TOTAL ROUNDS,LOW TOTAL PUTTS,EVENT
0,,Justin Thomas,4,26.75,107,4,24,The Masters
1,,Min Woo Lee,4,27.0,108,4,25,The Masters
2,,Shane Lowry,4,27.25,109,4,25,The Masters
3,,Will Zalatoris,4,27.25,109,4,25,The Masters
4,,Scottie Scheffler,4,27.5,110,4,26,The Masters
5,T19,Si Woo Kim,4,28.0,112,4,26,The Masters
6,T14,Robert MacIntyre,4,28.0,112,4,27,The Masters
7,,Webb Simpson,4,28.0,112,4,27,The Masters
8,,Harold Varner III,4,28.0,112,4,26,The Masters
9,,Hideki Matsuyama,4,28.25,113,4,27,The Masters
10,,Cameron Smith,4,28.25,113,4,24,The Masters
11,,Lee Westwood,4,28.25,113,4,27,The Masters
12,,Danny Willett,4,28.25,113,4,25,The Masters
13,,Talor Gooch,4,28.5,114,4,27,The Masters
14,,Viktor Hovland,4,28.5,114,4,27,The Masters
15,,Jason Kokrak,4,28.5,114,4,28,The Masters
16,,Collin Morikawa,4,28.5,114,4,27,The Masters
17,,Joaquin Niemann,4,28.5,114,4,28,The Masters
18,,Seamus Power,4,28.5,114,4,25,The Masters
19,T58,Corey Conners,4,29.0,116,4,26,The Masters
20,,Sungjae Im,4,29.0,116,4,26,The Masters
21,,Rory McIlroy,4,29.0,116,4,22,The Masters
22,,Patrick Reed,4,29.0,116,4,29,The Masters
23,,Sepp Straka,4,29.0,116,4,26,The Masters
24,,Daniel Berger,4,29.5,118,4,27,The Masters
25,,Dustin Johnson,4,29.5,118,4,27,The Masters
26,,Jon Rahm,4,29.5,118,4,27,The Masters
27,,Christiaan Bezuidenhout,4,29.75,119,4,26,The Masters
28,T8,Lucas Glover,4,29.75,119,4,28,The Masters
29,,Harry Higgs,4,29.75,119,4,27,The Masters
30,T8,J.J. Spaun,4,30.0,120,4,27,The Masters
31,,Matt Fitzpatrick,4,30.25,121,4,28,The Masters
32,,Russell Henley,4,30.25,121,4,28,The Masters
33,,Tom Hoge,4,30.25,121,4,29,The Masters
34,,Billy Horschel,4,30.25,121,4,29,The Masters
35,,Charl Schwartzel,4,30.25,121,4,27,The Masters
36,,Cameron Champ,4,30.5,122,4,28,The Masters
37,,Cam Davis,4,30.5,122,4,29,The Masters
38,T58,Tony Finau,4,30.5,122,4,30,The Masters
39,,Sergio Garcia,4,30.5,122,4,28,The Masters
40,,Max Homa,4,30.5,122,4,28,The Masters
41,,Kevin Kisner,4,30.5,122,4,28,The Masters
42,,Kevin Na,4,30.5,122,4,27,The Masters
43,,Mackenzie Hughes,4,30.75,123,4,27,The Masters
44,T68,Hudson Swafford,4,30.75,123,4,28,The Masters
45,,Bubba Watson,4,30.75,123,4,30,The Masters
46,,Tyrrell Hatton,4,31.0,124,4,29,The Masters
47,,Patrick Cantlay,4,31.25,125,4,28,The Masters
48,,Tommy Fleetwood,4,31.25,125,4,27,The Masters
49,,Adam Scott,4,31.25,125,4,29,The Masters
50,,Tiger Woods,4,31.25,125,4,27,The Masters
51,,Marc Leishman,4,31.5,126,4,30,The Masters
0,,MJ Daffue,4,27.0,108,4,24,U.S. Open
1,T40,Sebastián Muñoz,4,27.75,111,4,27,U.S. Open
2,T46,Scottie Scheffler,4,27.75,111,4,24,U.S. Open
3,,Patrick Cantlay,4,28.0,112,4,27,U.S. Open
4,T55,Adam Hadwin,4,28.25,113,4,26,U.S. Open
5,T22,Mackenzie Hughes,4,28.25,113,4,26,U.S. Open
6,,Brooks Koepka,4,28.25,113,4,24,U.S. Open
7,,Xander Schauffele,4,28.25,113,4,27,U.S. Open
8,,Adam Schenk,4,28.25,113,4,25,U.S. Open
9,,Adam Scott,4,28.25,113,4,26,U.S. Open
10,,Sebastian Soderberg,4,28.25,113,4,26,U.S. Open
11,,Will Zalatoris,4,28.25,113,4,27,U.S. Open
12,,Collin Morikawa,4,28.5,114,4,27,U.S. Open
13,,Andrew Putnam,4,28.5,114,4,26,U.S. Open
14,,Joohyung Kim,4,28.75,115,4,25,U.S. Open
15,,Chris Naegel,4,28.75,115,4,26,U.S. Open
16,,Aaron Wise,4,28.75,115,4,25,U.S. Open
17,T51,Sam Burns,4,29.0,116,4,28,U.S. Open
18,,David Lingmerth,4,29.0,116,4,25,U.S. Open
19,1,Rory McIlroy,4,29.0,116,4,27,U.S. Open
20,,Guido Migliozzi,4,29.0,116,4,28,U.S. Open
21,T46,Nick Hardy,4,29.25,117,4,28,U.S. Open
22,,Dustin Johnson,4,29.25,117,4,24,U.S. Open
23,,Min Woo Lee,4,29.25,117,4,27,U.S. Open
24,,Marc Leishman,4,29.25,117,4,27,U.S. Open
25,,Hideki Matsuyama,4,29.25,117,4,25,U.S. Open
26,,Thomas Pieters,4,29.25,117,4,27,U.S. Open
27,,Davis Riley,4,29.25,117,4,28,U.S. Open
28,,Cameron Tringale,4,29.25,117,4,27,U.S. Open
29,,Travis Vick,4,29.25,117,4,27,U.S. Open
30,,Gary Woodland,4,29.25,117,4,25,U.S. Open
31,,Keegan Bradley,4,29.5,118,4,28,U.S. Open
32,,Chris Gotterup,4,29.5,118,4,28,U.S. Open
33,,Austin Greaser,4,29.5,118,4,27,U.S. Open
34,,Brian Harman,4,29.5,118,4,28,U.S. Open
35,,Brandon Matthews,4,29.5,118,4,27,U.S. Open
36,,Grayson Murray,4,29.5,118,4,25,U.S. Open
37,,Todd Sinnott,4,29.5,118,4,27,U.S. Open
38,,Jordan Spieth,4,29.5,118,4,27,U.S. Open
39,,Patrick Reed,4,29.75,119,4,28,U.S. Open
40,T10,Patrick Rodgers,4,29.75,119,4,28,U.S. Open
41,,Callum Tarren,4,29.75,119,4,26,U.S. Open
42,,Tyrrell Hatton,4,30.0,120,4,29,U.S. Open
43,,Denny McCarthy,4,30.0,120,4,28,U.S. Open
44,,Seamus Power,4,30.0,120,4,28,U.S. Open
45,T5,Justin Rose,4,30.0,120,4,26,U.S. Open
46,,Richard Bland,4,30.25,121,4,28,U.S. Open
47,,Hayden Buckley,4,30.25,121,4,28,U.S. Open
48,,Jon Rahm,4,30.25,121,4,27,U.S. Open
49,,Sam Bennett,4,30.5,122,4,28,U.S. Open
50,,Harris English,4,30.5,122,4,29,U.S. Open
51,T22,Matt Fitzpatrick,4,30.5,122,4,25,U.S. Open
52,,Bryson DeChambeau,4,30.75,123,4,30,U.S. Open
53,,Beau Hossler,4,30.75,123,4,26,U.S. Open
54,,Matthew NeSmith,4,30.75,123,4,28,U.S. Open
55,,Joaquin Niemann,4,30.75,123,4,26,U.S. Open
56,,Sam Stevens,4,30.75,123,4,29,U.S. Open
57,T32,Justin Thomas,4,31.0,124,4,29,U.S. Open
58,,Joel Dahmen,4,31.25,125,4,29,U.S. Open
59,,Stewart Hagestad,4,31.25,125,4,29,U.S. Open
60,,Max Homa,4,31.25,125,4,28,U.S. Open
61,,K.H. Lee,4,31.25,125,4,29,U.S. Open
62,,Wil Besseling,4,31.75,127,4,30,U.S. Open
63,,Joseph Bramlett,4,31.75,127,4,29,U.S. Open
0,T19,Max Homa,4,24.75,99,4,22,The Memorial Tournament
1,T11,Lucas Herbert,4,25.25,101,4,24,The Memorial Tournament
2,,Cameron Smith,4,25.25,101,4,23,The Memorial Tournament
3,T37,Beau Hossler,4,25.75,103,4,25,The Memorial Tournament
4,T37,Denny McCarthy,4,25.75,103,4,24,The Memorial Tournament
5,T25,Daniel Berger,4,26.0,104,4,23,The Memorial Tournament
6,,Matt Kuchar,4,26.0,104,4,21,The Memorial Tournament
7,,Francesco Molinari,4,26.0,104,4,24,The Memorial Tournament
8,T56,Adam Svensson,4,26.0,104,4,25,The Memorial Tournament
9,T66,Aaron Rai,4,26.25,105,4,25,The Memorial Tournament
10,T14,Jordan Spieth,4,26.25,105,4,25,The Memorial Tournament
11,,Aaron Wise,4,26.25,105,4,23,The Memorial Tournament
12,T6,Viktor Hovland,4,26.5,106,4,24,The Memorial Tournament
13,T61,Joel Dahmen,4,26.75,107,4,22,The Memorial Tournament
14,,Jason Day,4,26.75,107,4,25,The Memorial Tournament
15,68,Brandt Snedeker,4,26.75,107,4,24,The Memorial Tournament
16,T19,Sahith Theegala,4,26.75,107,4,24,The Memorial Tournament
17,,Keegan Bradley,4,27.0,108,4,26,The Memorial Tournament
18,,Patrick Cantlay,4,27.0,108,4,25,The Memorial Tournament
19,,Brian Harman,4,27.0,108,4,26,The Memorial Tournament
20,,Mackenzie Hughes,4,27.0,108,4,23,The Memorial Tournament
21,,Keith Mitchell,4,27.0,108,4,23,The Memorial Tournament
22,T43,Mito Pereira,4,27.0,108,4,24,The Memorial Tournament
23,,Abraham Ancer,4,27.25,109,4,26,The Memorial Tournament
24,T2,Cam Davis,4,27.25,109,4,26,The Memorial Tournament
25,,Si Woo Kim,4,27.25,109,4,25,The Memorial Tournament
26,,Lanto Griffin,4,27.5,110,4,24,The Memorial Tournament
27,,Luke List,4,27.5,110,4,26,The Memorial Tournament
28,,Jon Rahm,4,27.5,110,4,25,The Memorial Tournament
29,T14,Chris Kirk,4,27.75,111,4,25,The Memorial Tournament
30,,Martin Laird,4,27.75,111,4,23,The Memorial Tournament
31,,K.H. Lee,4,27.75,111,4,25,The Memorial Tournament
32,T50,Matthew NeSmith,4,27.75,111,4,26,The Memorial Tournament
33,,Carlos Ortiz,4,27.75,111,4,27,The Memorial Tournament
34,,Xander Schauffele,4,27.75,111,4,26,The Memorial Tournament
35,,Cameron Young,4,27.75,111,4,25,The Memorial Tournament
36,,Will Zalatoris,4,27.75,111,4,24,The Memorial Tournament
37,,Wyndham Clark,4,28.0,112,4,26,The Memorial Tournament
38,,Adam Hadwin,4,28.0,112,4,23,The Memorial Tournament
39,,Billy Horschel,4,28.0,112,4,25,The Memorial Tournament
40,T47,Sungjae Im,4,28.0,112,4,26,The Memorial Tournament
41,,Rory McIlroy,4,28.0,112,4,25,The Memorial Tournament
42,69,Lucas Glover,4,28.25,113,4,26,The Memorial Tournament
43,,Kramer Hickok,4,28.25,113,4,27,The Memorial Tournament
44,T50,David Lipsky,4,28.25,113,4,25,The Memorial Tournament
45,,Shane Lowry,4,28.25,113,4,27,The Memorial Tournament
46,T47,C.T. Pan,4,28.25,113,4,23,The Memorial Tournament
47,T19,Davis Riley,4,28.25,113,4,25,The Memorial Tournament
48,,David Lingmerth,4,28.5,114,4,26,The Memorial Tournament
49,,Ryan Moore,4,28.5,114,4,26,The Memorial Tournament
50,,J.T. Poston,4,28.5,114,4,28,The Memorial Tournament
51,,Brendan Steele,4,28.5,114,4,26,The Memorial Tournament
52,,Cameron Tringale,4,28.5,114,4,28,The Memorial Tournament
53,,Jhonattan Vegas,4,28.5,114,4,26,The Memorial Tournament
54,,Camilo Villegas,4,28.5,114,4,26,The Memorial Tournament
55,T14,Rickie Fowler,4,28.75,115,4,26,The Memorial Tournament
56,T61,Emiliano Grillo,4,28.75,115,4,27,The Memorial Tournament
57,,Charles Howell III,4,28.75,115,4,26,The Memorial Tournament
58,,Chan Kim,4,28.75,115,4,26,The Memorial Tournament
59,,Joaquin Niemann,4,28.75,115,4,26,The Memorial Tournament
60,,Sepp Straka,4,28.75,115,4,27,The Memorial Tournament
61,T14,Troy Merritt,4,29.0,116,4,25,The Memorial Tournament
62,T6,Pat Perez,4,29.0,116,4,24,The Memorial Tournament
63,T2,Patrick Reed,4,29.0,116,4,26,The Memorial Tournament
64,,Corey Conners,4,29.25,117,4,26,The Memorial Tournament
65,,Garrick Higgo,4,29.25,117,4,27,The Memorial Tournament
66,,Adam Schenk,4,29.25,117,4,27,The Memorial Tournament
67,,Adam Scott,4,29.25,117,4,23,The Memorial Tournament
68,,Brandon Wu,4,30.25,121,4,29,The Memorial Tournament
69,,Doug Ghim,4,30.5,122,4,26,The Memorial Tournament
0,T38,Rory McIlroy,4,25.5,102,4,23,RBC Canadian Open
1,,Kelly Kraft,4,26.25,105,4,23,RBC Canadian Open
2,T38,Wyndham Clark,4,26.5,106,4,25,RBC Canadian Open
3,,Tony Finau,4,26.5,106,4,24,RBC Canadian Open
4,,Jonas Blixt,4,26.75,107,4,25,RBC Canadian Open
5,,Justin Rose,4,26.75,107,4,24,RBC Canadian Open
6,,Austin Cook,4,27.25,109,4,26,RBC Canadian Open
7,,J.J. Henry,4,27.25,109,4,25,RBC Canadian Open
8,,Bo Van Pelt,4,27.5,110,4,23,RBC Canadian Open
9,,Ben Crane,4,27.75,111,4,25,RBC Canadian Open
10,,Charley Hoffman,4,27.75,111,4,25,RBC Canadian Open
11,T18,Keith Mitchell,4,27.75,111,4,24,RBC Canadian Open
12,,Seung-Yul Noh,4,27.75,111,4,27,RBC Canadian Open
13,,Scott Piercy,4,27.75,111,4,25,RBC Canadian Open
14,,Patrick Rodgers,4,27.75,111,4,25,RBC Canadian Open
15,,Matt Wallace,4,27.75,111,4,23,RBC Canadian Open
16,70,Doug Ghim,4,28.0,112,4,24,RBC Canadian Open
17,,Brandon Hagy,4,28.0,112,4,25,RBC Canadian Open
18,,Jim Knous,4,28.0,112,4,26,RBC Canadian Open
19,,David Skinns,4,28.0,112,4,26,RBC Canadian Open
20,,Austin Smotherman,4,28.0,112,4,26,RBC Canadian Open
21,,Ryan Armour,4,28.25,113,4,27,RBC Canadian Open
22,,Matt Fitzpatrick,4,28.25,113,4,25,RBC Canadian Open
23,T18,Mackenzie Hughes,4,28.25,113,4,26,RBC Canadian Open
24,,Nick Taylor,4,28.25,113,4,27,RBC Canadian Open
25,,Brendon Todd,4,28.25,113,4,26,RBC Canadian Open
26,,Danny Willett,4,28.25,113,4,26,RBC Canadian Open
27,,Hank Lebioda,4,28.5,114,4,27,RBC Canadian Open
28,,Justin Lower,4,28.5,114,4,28,RBC Canadian Open
29,,Ben Martin,4,28.5,114,4,25,RBC Canadian Open
30,,Vaughn Taylor,4,28.5,114,4,26,RBC Canadian Open
31,,Rafa Cabrera Bello,4,28.75,115,4,27,RBC Canadian Open
32,T65,Corey Conners,4,28.75,115,4,28,RBC Canadian Open
33,,Brett Drewitt,4,28.75,115,4,28,RBC Canadian Open
34,T49,Ryan Moore,4,28.75,115,4,26,RBC Canadian Open
35,,Andrew Novak,4,28.75,115,4,27,RBC Canadian Open
36,T6,Adam Svensson,4,28.75,115,4,27,RBC Canadian Open
37,,Justin Thomas,4,28.75,115,4,28,RBC Canadian Open
38,,Harold Varner III,4,28.75,115,4,25,RBC Canadian Open
39,T30,Chris Kirk,4,29.0,116,4,27,RBC Canadian Open
40,,Danny Lee,4,29.0,116,4,27,RBC Canadian Open
41,,Sebastián Muñoz,4,29.0,116,4,28,RBC Canadian Open
42,T2,Cameron Smith,4,29.0,116,4,26,RBC Canadian Open
43,,Aaron Cockerill,4,29.25,117,4,24,RBC Canadian Open
44,,Vince Whaley,4,29.25,117,4,28,RBC Canadian Open
45,,Nick Hardy,4,29.5,118,4,28,RBC Canadian Open
46,,Mark Hubbard,4,29.5,118,4,27,RBC Canadian Open
47,,Scottie Scheffler,4,29.5,118,4,28,RBC Canadian Open
48,,Alex Smalley,4,29.5,118,4,25,RBC Canadian Open
49,,Robert Streb,4,29.5,118,4,27,RBC Canadian Open
50,,Sam Burns,4,29.75,119,4,29,RBC Canadian Open
51,T43,Kramer Hickok,4,29.75,119,4,27,RBC Canadian Open
52,,Trey Mullinax,4,29.75,119,4,28,RBC Canadian Open
53,,Sean O'Hair,4,29.75,119,4,28,RBC Canadian Open
54,,Paul Barjon,4,30.0,120,4,27,RBC Canadian Open
55,,Dylan Frittelli,4,30.0,120,4,25,RBC Canadian Open
56,T56,Emiliano Grillo,4,30.0,120,4,28,RBC Canadian Open
57,T38,Adam Hadwin,4,30.0,120,4,29,RBC Canadian Open
58,,John Huh,4,30.0,120,4,27,RBC Canadian Open
59,T43,Shane Lowry,4,30.0,120,4,28,RBC Canadian Open
60,T14,Brandt Snedeker,4,30.0,120,4,28,RBC Canadian Open
61,T14,Sahith Theegala,4,30.0,120,4,26,RBC Canadian Open
62,T30,Carlos Ortiz,4,30.25,121,4,29,RBC Canadian Open
63,,Cameron Percy,4,30.25,121,4,30,RBC Canadian Open
64,,Chase Seiffert,4,30.5,122,4,29,RBC Canadian Open
65,,Adam Long,4,30.75,123,4,28,RBC Canadian Open
66,T10,Aaron Rai,4,31.0,124,4,30,RBC Canadian Open
67,,Dawie van der Walt,4,31.0,124,4,27,RBC Canadian Open
68,,Lee Hodges,4,31.25,125,4,29,RBC Canadian Open
69,T49,Jhonattan Vegas,4,31.75,127,4,30,RBC Canadian Open
0,T4,Peter Malnati,4,25.75,103,4,24,AT&T Bryon Nelson
1,,David Skinns,4,25.75,103,4,22,AT&T Bryon Nelson
2,,Trey Mullinax,4,26.0,104,4,24,AT&T Bryon Nelson
3,,Ian Poulter,4,26.0,104,4,23,AT&T Bryon Nelson
4,T16,Callum Tarren,4,26.0,104,4,24,AT&T Bryon Nelson
5,,Brandon Wu,4,26.0,104,4,24,AT&T Bryon Nelson
6,,Justin Thomas,4,26.25,105,4,25,AT&T Bryon Nelson
7,65,Michael Thompson,4,26.25,105,4,25,AT&T Bryon Nelson
8,,Vince Whaley,4,26.25,105,4,24,AT&T Bryon Nelson
9,,Wesley Bryan,4,26.5,106,4,23,AT&T Bryon Nelson
10,,Brice Garnett,4,26.5,106,4,25,AT&T Bryon Nelson
11,,Christiaan Bezuidenhout,4,26.75,107,4,25,AT&T Bryon Nelson
12,,Joseph Bramlett,4,26.75,107,4,23,AT&T Bryon Nelson
13,,Maverick McNealy,4,26.75,107,4,26,AT&T Bryon Nelson
14,T39,Austin Smotherman,4,26.75,107,4,25,AT&T Bryon Nelson
15,T25,Michael Gligic,4,27.0,108,4,22,AT&T Bryon Nelson
16,,Joaquin Niemann,4,27.0,108,4,25,AT&T Bryon Nelson
17,,Jordan Spieth,4,27.0,108,4,25,AT&T Bryon Nelson
18,T25,K.H. Lee,4,27.25,109,4,24,AT&T Bryon Nelson
19,,Hideki Matsuyama,4,27.25,109,4,24,AT&T Bryon Nelson
20,,Seth Reeves,4,27.25,109,4,26,AT&T Bryon Nelson
21,,Charl Schwartzel,4,27.25,109,4,24,AT&T Bryon Nelson
22,,Scott Stallings,4,27.25,109,4,25,AT&T Bryon Nelson
23,,Chesson Hadley,4,27.5,110,4,25,AT&T Bryon Nelson
24,T8,James Hahn,4,27.5,110,4,24,AT&T Bryon Nelson
25,,Tom Hoge,4,27.5,110,4,26,AT&T Bryon Nelson
26,,David Lipsky,4,27.5,110,4,26,AT&T Bryon Nelson
27,,Ryan Palmer,4,27.5,110,4,25,AT&T Bryon Nelson
28,,Pat Perez,4,27.5,110,4,22,AT&T Bryon Nelson
29,,Seamus Power,4,27.5,110,4,25,AT&T Bryon Nelson
30,,Matthias Schwab,4,27.5,110,4,27,AT&T Bryon Nelson
31,,Adam Scott,4,27.5,110,4,25,AT&T Bryon Nelson
32,T25,Jason Day,4,27.75,111,4,25,AT&T Bryon Nelson
33,,Bill Haas,4,27.75,111,4,25,AT&T Bryon Nelson
34,,Jason Kokrak,4,27.75,111,4,26,AT&T Bryon Nelson
35,,Davis Riley,4,27.75,111,4,26,AT&T Bryon Nelson
36,,Xander Schauffele,4,27.75,111,4,25,AT&T Bryon Nelson
37,,Sepp Straka,4,27.75,111,4,26,AT&T Bryon Nelson
38,,Adam Svensson,4,27.75,111,4,25,AT&T Bryon Nelson
39,T25,Matt Kuchar,4,28.0,112,4,24,AT&T Bryon Nelson
40,,Keith Mitchell,4,28.0,112,4,25,AT&T Bryon Nelson
41,,Scottie Scheffler,4,28.0,112,4,27,AT&T Bryon Nelson
42,T43,Dawie van der Walt,4,28.0,112,4,23,AT&T Bryon Nelson
43,,Max McGreevy,4,28.25,113,4,26,AT&T Bryon Nelson
44,,Sebastián Muñoz,4,28.25,113,4,23,AT&T Bryon Nelson
45,,Conrad Shindler,4,28.25,113,4,24,AT&T Bryon Nelson
46,,Vaughn Taylor,4,28.25,113,4,25,AT&T Bryon Nelson
47,,Kyle Wilshire,4,28.25,113,4,25,AT&T Bryon Nelson
48,,Cameron Champ,4,28.5,114,4,26,AT&T Bryon Nelson
49,,Branden Grace,4,28.5,114,4,28,AT&T Bryon Nelson
50,,Emiliano Grillo,4,28.5,114,4,24,AT&T Bryon Nelson
51,,Marc Leishman,4,28.5,114,4,27,AT&T Bryon Nelson
52,,Alex Noren,4,28.5,114,4,25,AT&T Bryon Nelson
53,T16,Rory Sabbatini,4,28.5,114,4,28,AT&T Bryon Nelson
54,,Kiradech Aphibarnrat,4,28.75,115,4,24,AT&T Bryon Nelson
55,T55,Paul Barjon,4,28.75,115,4,27,AT&T Bryon Nelson
56,,Tommy Fleetwood,4,28.75,115,4,24,AT&T Bryon Nelson
57,,Patton Kizzire,4,28.75,115,4,27,AT&T Bryon Nelson
58,,Nate Lashley,4,28.75,115,4,27,AT&T Bryon Nelson
59,,Andrew Novak,4,28.75,115,4,27,AT&T Bryon Nelson
60,,Martin Trainer,4,28.75,115,4,27,AT&T Bryon Nelson
61,,Aaron Wise,4,28.75,115,4,27,AT&T Bryon Nelson
62,T43,Dylan Frittelli,4,29.0,116,4,27,AT&T Bryon Nelson
63,,Beau Hossler,4,29.0,116,4,27,AT&T Bryon Nelson
64,,Joohyung Kim,4,29.0,116,4,28,AT&T Bryon Nelson
65,,Francesco Molinari,4,29.0,116,4,26,AT&T Bryon Nelson
66,T41,Matthew NeSmith,4,29.0,116,4,27,AT&T Bryon Nelson
67,,Carlos Ortiz,4,29.0,116,4,26,AT&T Bryon Nelson
68,,Mito Pereira,4,29.0,116,4,25,AT&T Bryon Nelson
69,,J.J. Spaun,4,29.0,116,4,26,AT&T Bryon Nelson
70,,Mark Hubbard,4,29.25,117,4,26,AT&T Bryon Nelson
71,T35,Stephan Jaeger,4,29.25,117,4,27,AT&T Bryon Nelson
72,T16,Justin Lower,4,29.25,117,4,23,AT&T Bryon Nelson
73,T63,Taylor Moore,4,29.25,117,4,26,AT&T Bryon Nelson
74,T25,Adam Schenk,4,29.25,117,4,28,AT&T Bryon Nelson
75,,Sahith Theegala,4,29.25,117,4,24,AT&T Bryon Nelson
76,,Jared Wolfe,4,29.25,117,4,26,AT&T Bryon Nelson
77,T25,Lanto Griffin,4,29.5,118,4,27,AT&T Bryon Nelson
78,,Dustin Johnson,4,29.5,118,4,27,AT&T Bryon Nelson
79,,Patrick Rodgers,4,29.5,118,4,28,AT&T Bryon Nelson
80,,Peter Uihlein,4,29.5,118,4,29,AT&T Bryon Nelson
81,T39,Jhonattan Vegas,4,29.5,118,4,27,AT&T Bryon Nelson
82,,Aaron Rai,4,29.75,119,4,26,AT&T Bryon Nelson
83,,Tyler Duncan,4,30.5,122,4,29,AT&T Bryon Nelson
0,,Adam Long,4,27.0,108,4,26,Travelers Championship
1,,Keith Mitchell,4,27.0,108,4,25,Travelers Championship
2,,Scott Stallings,4,27.0,108,4,25,Travelers Championship
3,,Michael Thorbjornsen,4,27.25,109,4,25,Travelers Championship
4,,Matthew Wolff,4,27.5,110,4,25,Travelers Championship
5,T50,Harris English,4,27.75,111,4,27,Travelers Championship
6,T5,Mackenzie Hughes,4,27.75,111,4,24,Travelers Championship
7,,Kevin Kisner,4,27.75,111,4,26,Travelers Championship
8,T59,K.H. Lee,4,27.75,111,4,25,Travelers Championship
9,,Kevin Streelman,4,27.75,111,4,27,Travelers Championship
10,,Jonas Blixt,4,28.0,112,4,25,Travelers Championship
11,,Michael Gligic,4,28.0,112,4,24,Travelers Championship
12,,Chesson Hadley,4,28.0,112,4,25,Travelers Championship
13,,Sahith Theegala,4,28.0,112,4,25,Travelers Championship
14,,Ryan Armour,4,28.25,113,4,26,Travelers Championship
15,,J.T. Poston,4,28.25,113,4,26,Travelers Championship
16,T32,Chris Gotterup,4,28.5,114,4,26,Travelers Championship
17,T22,Nick Hardy,4,28.5,114,4,26,Travelers Championship
18,T18,Rory McIlroy,4,28.5,114,4,25,Travelers Championship
19,T43,Seamus Power,4,28.5,114,4,25,Travelers Championship
20,,Adam Svensson,4,28.5,114,4,25,Travelers Championship
21,,John Huh,4,28.75,115,4,27,Travelers Championship
22,,Paul Barjon,4,29.0,116,4,26,Travelers Championship
23,,Tyler Duncan,4,29.0,116,4,25,Travelers Championship
24,,Tony Finau,4,29.0,116,4,27,Travelers Championship
25,,Tommy Fleetwood,4,29.0,116,4,28,Travelers Championship
26,,William McGirt,4,29.0,116,4,27,Travelers Championship
27,T5,Xander Schauffele,4,29.0,116,4,26,Travelers Championship
28,,Lee Hodges,4,29.25,117,4,28,Travelers Championship
29,,Martin Laird,4,29.25,117,4,25,Travelers Championship
30,,Nate Lashley,4,29.25,117,4,28,Travelers Championship
31,,Peter Malnati,4,29.25,117,4,24,Travelers Championship
32,,Taylor Moore,4,29.25,117,4,28,Travelers Championship
33,,Sam Ryder,4,29.25,117,4,28,Travelers Championship
34,,Kevin Tway,4,29.25,117,4,28,Travelers Championship
35,T47,Hayden Buckley,4,29.5,118,4,28,Travelers Championship
36,,Stewart Cink,4,29.5,118,4,29,Travelers Championship
37,,Austin Cook,4,29.5,118,4,28,Travelers Championship
38,T32,Brian Harman,4,29.5,118,4,28,Travelers Championship
39,,Harry Higgs,4,29.5,118,4,27,Travelers Championship
40,,Mark Hubbard,4,29.5,118,4,28,Travelers Championship
41,,Kelly Kraft,4,29.5,118,4,29,Travelers Championship
42,,Webb Simpson,4,29.5,118,4,27,Travelers Championship
43,,Luke Donald,4,29.75,119,4,27,Travelers Championship
44,,Patton Kizzire,4,29.75,119,4,28,Travelers Championship
45,,Andrew Novak,4,29.75,119,4,28,Travelers Championship
46,T13,Andrew Putnam,4,29.75,119,4,27,Travelers Championship
47,,Harold Varner III,4,29.75,119,4,28,Travelers Championship
48,4,Patrick Cantlay,4,30.0,120,4,27,Travelers Championship
49,,Charles Howell III,4,30.0,120,4,27,Travelers Championship
50,,Chez Reavie,4,30.0,120,4,29,Travelers Championship
51,,Robert Streb,4,30.0,120,4,27,Travelers Championship
52,,Matt Wallace,4,30.0,120,4,28,Travelers Championship
53,,Wyndham Clark,4,30.25,121,4,27,Travelers Championship
54,,Bill Haas,4,30.25,121,4,28,Travelers Championship
55,,Luke List,4,30.25,121,4,27,Travelers Championship
56,T2,Scottie Scheffler,4,30.25,121,4,27,Travelers Championship
57,T32,Keegan Bradley,4,30.5,122,4,29,Travelers Championship
58,T59,Joel Dahmen,4,30.5,122,4,30,Travelers Championship
59,,Cam Davis,4,30.5,122,4,27,Travelers Championship
60,,Ben Silverman,4,30.5,122,4,27,Travelers Championship
61,,Hank Lebioda,4,31.0,124,4,29,Travelers Championship
62,,Aaron Rai,4,31.0,124,4,30,Travelers Championship
63,T22,Davis Riley,4,31.0,124,4,30,Travelers Championship
64,,Conrad Shindler,4,31.0,124,4,30,Travelers Championship
65,,Matthias Schwab,4,31.25,125,4,31,Travelers Championship
66,T63,Joseph Bramlett,4,31.5,126,4,29,Travelers Championship
67,,Lucas Glover,4,31.5,126,4,30,Travelers Championship
68,,Morgan Hoffmann,4,31.5,126,4,30,Travelers Championship
69,T53,Matthew NeSmith,4,31.5,126,4,30,Travelers Championship
70,,Brendan Steele,4,32.25,129,4,31,Travelers Championship
0,,Keegan Bradley,4,26.75,107,4,26,Wells Fargo Championship
1,,Max Homa,4,26.75,107,4,26,Wells Fargo Championship
2,T45,Turk Pettit,4,26.75,107,4,25,Wells Fargo Championship
3,,David Lingmerth,4,27.0,108,4,22,Wells Fargo Championship
4,T18,Peter Malnati,4,27.0,108,4,26,Wells Fargo Championship
5,,Troy Merritt,4,27.0,108,4,25,Wells Fargo Championship
6,,Matthew Wolff,4,27.0,108,4,24,Wells Fargo Championship
7,,James Hahn,4,27.25,109,4,24,Wells Fargo Championship
8,T32,Anirban Lahiri,4,27.25,109,4,26,Wells Fargo Championship
9,,Denny McCarthy,4,27.25,109,4,26,Wells Fargo Championship
10,,Henrik Norlander,4,27.25,109,4,22,Wells Fargo Championship
11,,Chad Ramey,4,27.25,109,4,21,Wells Fargo Championship
12,,Ryan Armour,4,27.5,110,4,26,Wells Fargo Championship
13,,Matt Fitzpatrick,4,27.5,110,4,24,Wells Fargo Championship
14,,Rickie Fowler,4,27.5,110,4,24,Wells Fargo Championship
15,,Kevin Chappell,4,27.75,111,4,27,Wells Fargo Championship
16,,Sergio Garcia,4,27.75,111,4,27,Wells Fargo Championship
17,T40,Ben Kohles,4,27.75,111,4,26,Wells Fargo Championship
18,T27,Justin Lower,4,27.75,111,4,25,Wells Fargo Championship
19,T27,Scott Piercy,4,27.75,111,4,27,Wells Fargo Championship
20,,Rory Sabbatini,4,27.75,111,4,24,Wells Fargo Championship
21,T40,Callum Tarren,4,27.75,111,4,25,Wells Fargo Championship
22,,Cameron Young,4,27.75,111,4,25,Wells Fargo Championship
23,,Stewart Cink,4,28.0,112,4,25,Wells Fargo Championship
24,,Jason Day,4,28.25,113,4,25,Wells Fargo Championship
25,,Luke Donald,4,28.25,113,4,26,Wells Fargo Championship
26,T60,Tony Finau,4,28.25,113,4,25,Wells Fargo Championship
27,T18,Michael Gligic,4,28.25,113,4,25,Wells Fargo Championship
28,T45,Lanto Griffin,4,28.25,113,4,26,Wells Fargo Championship
29,,Mackenzie Hughes,4,28.25,113,4,25,Wells Fargo Championship
30,,Matt Kuchar,4,28.25,113,4,25,Wells Fargo Championship
31,,K.H. Lee,4,28.25,113,4,26,Wells Fargo Championship
32,T4,Chez Reavie,4,28.25,113,4,26,Wells Fargo Championship
33,,Adam Schenk,4,28.25,113,4,26,Wells Fargo Championship
34,,Corey Conners,4,28.5,114,4,26,Wells Fargo Championship
35,T32,Stephan Jaeger,4,28.5,114,4,25,Wells Fargo Championship
36,,J.T. Poston,4,28.5,114,4,26,Wells Fargo Championship
37,,Nick Taylor,4,28.5,114,4,27,Wells Fargo Championship
38,T60,Austin Smotherman,4,28.75,115,4,28,Wells Fargo Championship
39,,Jhonattan Vegas,4,28.75,115,4,26,Wells Fargo Championship
40,T27,Kurt Kitayama,4,29.0,116,4,27,Wells Fargo Championship
41,,Matthew NeSmith,4,29.0,116,4,27,Wells Fargo Championship
42,,Dylan Frittelli,4,29.25,117,4,24,Wells Fargo Championship
43,,Tyrrell Hatton,4,29.25,117,4,27,Wells Fargo Championship
44,,Dawie van der Walt,4,29.25,117,4,27,Wells Fargo Championship
45,,Brian Harman,4,29.5,118,4,27,Wells Fargo Championship
46,,Ben Martin,4,29.5,118,4,26,Wells Fargo Championship
47,,Brendan Steele,4,29.5,118,4,28,Wells Fargo Championship
48,T45,Abraham Ancer,4,29.75,119,4,27,Wells Fargo Championship
49,,Russell Henley,4,29.75,119,4,27,Wells Fargo Championship
50,,Si Woo Kim,4,29.75,119,4,27,Wells Fargo Championship
51,3,Kelly Kraft,4,29.75,119,4,28,Wells Fargo Championship
52,T7,Hank Lebioda,4,29.75,119,4,28,Wells Fargo Championship
53,,Dylan Wu,4,29.75,119,4,28,Wells Fargo Championship
54,,Paul Barjon,4,30.0,120,4,28,Wells Fargo Championship
55,,Rory McIlroy,4,30.0,120,4,28,Wells Fargo Championship
56,T27,C.T. Pan,4,30.0,120,4,27,Wells Fargo Championship
57,,Chase Seiffert,4,30.0,120,4,25,Wells Fargo Championship
58,,Russell Knox,4,30.25,121,4,28,Wells Fargo Championship
59,,Luke List,4,30.25,121,4,27,Wells Fargo Championship
60,,Joel Dahmen,4,30.5,122,4,27,Wells Fargo Championship
61,,Camilo Villegas,4,30.5,122,4,29,Wells Fargo Championship
62,,Martin Laird,4,30.75,123,4,29,Wells Fargo Championship
63,,Taylor Moore,4,30.75,123,4,28,Wells Fargo Championship
64,,Michael Thompson,4,31.0,124,4,28,Wells Fargo Championship
