,RANK LAST WEEK,PLAYER NAME,ROUNDS,AVG,TOTAL STROKES,TOTAL ADJUSTMENT,TOTAL ROUNDS,EVENT
0,,Scottie Scheffler,4,67.645,278,-7.421,4,The Masters
1,,Rory McIlroy,4,68.395,281,-7.421,4,The Masters
2,,Shane Lowry,4,68.895,283,-7.421,4,The Masters
3,,Cameron Smith,4,68.895,283,-7.421,4,The Masters
4,,Collin Morikawa,4,69.145,284,-7.421,4,The Masters
5,T35,Corey Conners,4,69.395,285,-7.421,4,The Masters
6,,Will Zalatoris,4,69.395,285,-7.421,4,The Masters
7,,Sungjae Im,4,69.895,287,-7.421,4,The Masters
8,,Justin Thomas,4,69.895,287,-7.421,4,The Masters
9,,Cameron Champ,4,70.145,288,-7.421,4,The Masters
10,,Charl Schwartzel,4,70.145,288,-7.421,4,The Masters
11,,Dustin Johnson,4,70.395,289,-7.421,4,The Masters
12,,Danny Willett,4,70.395,289,-7.421,4,The Masters
13,,Matt Fitzpatrick,4,70.645,290,-7.421,4,The Masters
14,,Tommy Fleetwood,4,70.645,290,-7.421,4,The Masters
15,,Talor Gooch,4,70.645,290,-7.421,4,The Masters
16,,Harry Higgs,4,70.645,290,-7.421,4,The Masters
17,,Jason Kokrak,4,70.645,290,-7.421,4,The Masters
18,,Min Woo Lee,4,70.645,290,-7.421,4,The Masters
19,,Hideki Matsuyama,4,70.645,290,-7.421,4,The Masters
20,,Kevin Na,4,70.645,290,-7.421,4,The Masters
21,,Lee Westwood,4,70.645,290,-7.421,4,The Masters
22,,Sergio Garcia,4,70.895,291,-7.421,4,The Masters
23,T35,Robert MacIntyre,4,70.895,291,-7.421,4,The Masters
24,1,J.J. Spaun,4,70.895,291,-7.421,4,The Masters
25,,Harold Varner III,4,70.895,291,-7.421,4,The Masters
26,,Viktor Hovland,4,71.145,292,-7.421,4,The Masters
27,,Seamus Power,4,71.145,292,-7.421,4,The Masters
28,,Jon Rahm,4,71.145,292,-7.421,4,The Masters
29,T18,Lucas Glover,4,71.395,293,-7.421,4,The Masters
30,,Russell Henley,4,71.395,293,-7.421,4,The Masters
31,,Marc Leishman,4,71.395,293,-7.421,4,The Masters
32,,Sepp Straka,4,71.395,293,-7.421,4,The Masters
33,T58,Hudson Swafford,4,71.395,293,-7.421,4,The Masters
34,T29,Tony Finau,4,71.645,294,-7.421,4,The Masters
35,,Joaquin Niemann,4,71.645,294,-7.421,4,The Masters
36,,Patrick Reed,4,71.645,294,-7.421,4,The Masters
37,,Webb Simpson,4,71.645,294,-7.421,4,The Masters
38,,Patrick Cantlay,4,71.895,295,-7.421,4,The Masters
39,,Tom Hoge,4,71.895,295,-7.421,4,The Masters
40,T13,Si Woo Kim,4,71.895,295,-7.421,4,The Masters
41,,Bubba Watson,4,71.895,295,-7.421,4,The Masters
42,,Billy Horschel,4,72.145,296,-7.421,4,The Masters
43,,Christiaan Bezuidenhout,4,72.395,297,-7.421,4,The Masters
44,,Kevin Kisner,4,72.395,297,-7.421,4,The Masters
45,,Cam Davis,4,73.145,300,-7.421,4,The Masters
46,,Tiger Woods,4,73.395,301,-7.421,4,The Masters
47,,Max Homa,4,73.645,302,-7.421,4,The Masters
48,,Adam Scott,4,73.645,302,-7.421,4,The Masters
49,,Daniel Berger,4,73.895,303,-7.421,4,The Masters
50,,Mackenzie Hughes,4,73.895,303,-7.421,4,The Masters
51,,Tyrrell Hatton,4,74.395,305,-7.421,4,The Masters
0,T10,Matt Fitzpatrick,4,65.903,274,-10.389,4,U.S. Open
1,T18,Scottie Scheffler,4,66.153,275,-10.389,4,U.S. Open
2,,Will Zalatoris,4,66.153,275,-10.389,4,U.S. Open
3,,Hideki Matsuyama,4,66.653,277,-10.389,4,U.S. Open
4,1,Rory McIlroy,4,66.903,278,-10.389,4,U.S. Open
5,,Collin Morikawa,4,66.903,278,-10.389,4,U.S. Open
6,,Keegan Bradley,4,67.153,279,-10.389,4,U.S. Open
7,T35,Adam Hadwin,4,67.153,279,-10.389,4,U.S. Open
8,,Denny McCarthy,4,67.153,279,-10.389,4,U.S. Open
9,,Joel Dahmen,4,67.403,280,-10.389,4,U.S. Open
10,,Gary Woodland,4,67.403,280,-10.389,4,U.S. Open
11,,Seamus Power,4,67.653,281,-10.389,4,U.S. Open
12,,Jon Rahm,4,67.653,281,-10.389,4,U.S. Open
13,,Hayden Buckley,4,67.903,282,-10.389,4,U.S. Open
14,,Patrick Cantlay,4,67.903,282,-10.389,4,U.S. Open
15,T35,Nick Hardy,4,67.903,282,-10.389,4,U.S. Open
16,,Marc Leishman,4,67.903,282,-10.389,4,U.S. Open
17,,Guido Migliozzi,4,67.903,282,-10.389,4,U.S. Open
18,T25,Sebastián Muñoz,4,67.903,282,-10.389,4,U.S. Open
19,,Xander Schauffele,4,67.903,282,-10.389,4,U.S. Open
20,,Adam Scott,4,67.903,282,-10.389,4,U.S. Open
21,,Cameron Tringale,4,67.903,282,-10.389,4,U.S. Open
22,,Joohyung Kim,4,68.153,283,-10.389,4,U.S. Open
23,T28,Mackenzie Hughes,4,68.403,284,-10.389,4,U.S. Open
24,,Dustin Johnson,4,68.403,284,-10.389,4,U.S. Open
25,,Adam Schenk,4,68.403,284,-10.389,4,U.S. Open
26,T4,Sam Burns,4,68.653,285,-10.389,4,U.S. Open
27,,Min Woo Lee,4,68.653,285,-10.389,4,U.S. Open
28,,Thomas Pieters,4,68.653,285,-10.389,4,U.S. Open
29,,Aaron Wise,4,68.653,285,-10.389,4,U.S. Open
30,,MJ Daffue,4,68.903,286,-10.389,4,U.S. Open
31,,Andrew Putnam,4,68.903,286,-10.389,4,U.S. Open
32,,Davis Riley,4,68.903,286,-10.389,4,U.S. Open
33,T18,Patrick Rodgers,4,68.903,286,-10.389,4,U.S. Open
34,,Todd Sinnott,4,68.903,286,-10.389,4,U.S. Open
35,,Callum Tarren,4,68.903,286,-10.389,4,U.S. Open
36,,Joseph Bramlett,4,69.153,287,-10.389,4,U.S. Open
37,,K.H. Lee,4,69.153,287,-10.389,4,U.S. Open
38,,Matthew NeSmith,4,69.153,287,-10.389,4,U.S. Open
39,T4,Justin Rose,4,69.153,287,-10.389,4,U.S. Open
40,,Jordan Spieth,4,69.153,287,-10.389,4,U.S. Open
41,3,Justin Thomas,4,69.153,287,-10.389,4,U.S. Open
42,,Richard Bland,4,69.403,288,-10.389,4,U.S. Open
43,,Chris Gotterup,4,69.403,288,-10.389,4,U.S. Open
44,,Brian Harman,4,69.403,288,-10.389,4,U.S. Open
45,,Travis Vick,4,69.403,288,-10.389,4,U.S. Open
46,,Max Homa,4,69.653,289,-10.389,4,U.S. Open
47,,Joaquin Niemann,4,69.653,289,-10.389,4,U.S. Open
48,,Sam Bennett,4,69.903,290,-10.389,4,U.S. Open
49,,David Lingmerth,4,69.903,290,-10.389,4,U.S. Open
50,,Patrick Reed,4,69.903,290,-10.389,4,U.S. Open
51,,Sam Stevens,4,69.903,290,-10.389,4,U.S. Open
52,,Beau Hossler,4,70.153,291,-10.389,4,U.S. Open
53,,Sebastian Soderberg,4,70.153,291,-10.389,4,U.S. Open
54,,Brooks Koepka,4,70.403,292,-10.389,4,U.S. Open
55,,Wil Besseling,4,70.653,293,-10.389,4,U.S. Open
56,,Bryson DeChambeau,4,70.653,293,-10.389,4,U.S. Open
57,,Tyrrell Hatton,4,70.653,293,-10.389,4,U.S. Open
58,,Chris Naegel,4,70.653,293,-10.389,4,U.S. Open
59,,Brandon Matthews,4,71.403,296,-10.389,4,U.S. Open
60,,Harris English,4,71.653,297,-10.389,4,U.S. Open
61,,Austin Greaser,4,71.653,297,-10.389,4,U.S. Open
62,,Grayson Murray,4,71.903,298,-10.389,4,U.S. Open
63,,Stewart Hagestad,4,72.153,299,-10.389,4,U.S. Open
0,,Billy Horschel,4,67.651,275,-4.397,4,The Memorial Tournament
1,,Aaron Wise,4,68.651,279,-4.397,4,The Memorial Tournament
2,,Patrick Cantlay,4,69.151,281,-4.397,4,The Memorial Tournament
3,,Joaquin Niemann,4,69.151,281,-4.397,4,The Memorial Tournament
4,T23,Daniel Berger,4,69.401,282,-4.397,4,The Memorial Tournament
5,T23,Max Homa,4,69.401,282,-4.397,4,The Memorial Tournament
6,T27,Denny McCarthy,4,69.401,282,-4.397,4,The Memorial Tournament
7,T57,Sahith Theegala,4,69.401,282,-4.397,4,The Memorial Tournament
8,,Will Zalatoris,4,69.401,282,-4.397,4,The Memorial Tournament
9,T15,Sungjae Im,4,69.901,284,-4.397,4,The Memorial Tournament
10,,Jon Rahm,4,69.901,284,-4.397,4,The Memorial Tournament
11,,Brendan Steele,4,69.901,284,-4.397,4,The Memorial Tournament
12,,Corey Conners,4,70.151,285,-4.397,4,The Memorial Tournament
13,,Si Woo Kim,4,70.151,285,-4.397,4,The Memorial Tournament
14,T7,Mito Pereira,4,70.151,285,-4.397,4,The Memorial Tournament
15,T4,Davis Riley,4,70.151,285,-4.397,4,The Memorial Tournament
16,,Cameron Smith,4,70.151,285,-4.397,4,The Memorial Tournament
17,,Adam Hadwin,4,70.401,286,-4.397,4,The Memorial Tournament
18,,Brian Harman,4,70.401,286,-4.397,4,The Memorial Tournament
19,,Garrick Higgo,4,70.401,286,-4.397,4,The Memorial Tournament
20,,Charles Howell III,4,70.401,286,-4.397,4,The Memorial Tournament
21,,Rory McIlroy,4,70.401,286,-4.397,4,The Memorial Tournament
22,,Keith Mitchell,4,70.401,286,-4.397,4,The Memorial Tournament
23,,Xander Schauffele,4,70.401,286,-4.397,4,The Memorial Tournament
24,T7,Jordan Spieth,4,70.401,286,-4.397,4,The Memorial Tournament
25,,Luke List,4,70.651,287,-4.397,4,The Memorial Tournament
26,,Francesco Molinari,4,70.651,287,-4.397,4,The Memorial Tournament
27,T12,Pat Perez,4,70.651,287,-4.397,4,The Memorial Tournament
28,68,Aaron Rai,4,70.651,287,-4.397,4,The Memorial Tournament
29,,Adam Schenk,4,70.651,287,-4.397,4,The Memorial Tournament
30,,Jason Day,4,70.901,288,-4.397,4,The Memorial Tournament
31,,Abraham Ancer,4,71.151,289,-4.397,4,The Memorial Tournament
32,T63,Joel Dahmen,4,71.151,289,-4.397,4,The Memorial Tournament
33,T63,Emiliano Grillo,4,71.151,289,-4.397,4,The Memorial Tournament
34,T21,Beau Hossler,4,71.151,289,-4.397,4,The Memorial Tournament
35,,Shane Lowry,4,71.151,289,-4.397,4,The Memorial Tournament
36,,Keegan Bradley,4,71.401,290,-4.397,4,The Memorial Tournament
37,,Wyndham Clark,4,71.401,290,-4.397,4,The Memorial Tournament
38,,Mackenzie Hughes,4,71.401,290,-4.397,4,The Memorial Tournament
39,,Martin Laird,4,71.401,290,-4.397,4,The Memorial Tournament
40,T48,David Lipsky,4,71.401,290,-4.397,4,The Memorial Tournament
41,T57,Matthew NeSmith,4,71.401,290,-4.397,4,The Memorial Tournament
42,,J.T. Poston,4,71.401,290,-4.397,4,The Memorial Tournament
43,,Jhonattan Vegas,4,71.401,290,-4.397,4,The Memorial Tournament
44,,Matt Kuchar,4,71.651,291,-4.397,4,The Memorial Tournament
45,,Sepp Straka,4,71.651,291,-4.397,4,The Memorial Tournament
46,T40,Adam Svensson,4,71.651,291,-4.397,4,The Memorial Tournament
47,T48,Lucas Herbert,4,71.901,292,-4.397,4,The Memorial Tournament
48,,David Lingmerth,4,71.901,292,-4.397,4,The Memorial Tournament
49,,Cameron Tringale,4,71.901,292,-4.397,4,The Memorial Tournament
50,,Lanto Griffin,4,72.151,293,-4.397,4,The Memorial Tournament
51,T21,Viktor Hovland,4,72.151,293,-4.397,4,The Memorial Tournament
52,T7,Cam Davis,4,72.401,294,-4.397,4,The Memorial Tournament
53,T15,Chris Kirk,4,72.401,294,-4.397,4,The Memorial Tournament
54,,K.H. Lee,4,72.401,294,-4.397,4,The Memorial Tournament
55,T57,Troy Merritt,4,72.401,294,-4.397,4,The Memorial Tournament
56,T52,C.T. Pan,4,72.401,294,-4.397,4,The Memorial Tournament
57,T7,Patrick Reed,4,72.401,294,-4.397,4,The Memorial Tournament
58,,Camilo Villegas,4,72.401,294,-4.397,4,The Memorial Tournament
59,,Doug Ghim,4,72.651,295,-4.397,4,The Memorial Tournament
60,T40,Lucas Glover,4,72.651,295,-4.397,4,The Memorial Tournament
61,T57,Brandt Snedeker,4,72.651,295,-4.397,4,The Memorial Tournament
62,,Cameron Young,4,72.651,295,-4.397,4,The Memorial Tournament
63,T57,Rickie Fowler,4,72.901,296,-4.397,4,The Memorial Tournament
64,,Kramer Hickok,4,72.901,296,-4.397,4,The Memorial Tournament
65,,Carlos Ortiz,4,72.901,296,-4.397,4,The Memorial Tournament
66,,Chan Kim,4,73.651,299,-4.397,4,The Memorial Tournament
67,,Adam Scott,4,73.651,299,-4.397,4,The Memorial Tournament
68,,Brandon Wu,4,73.901,300,-4.397,4,The Memorial Tournament
69,,Ryan Moore,4,74.651,303,-4.397,4,The Memorial Tournament
0,T18,Rory McIlroy,4,64.966,261,-1.135,4,RBC Canadian Open
1,,Tony Finau,4,65.466,263,-1.135,4,RBC Canadian Open
2,,Justin Thomas,4,65.966,265,-1.135,4,RBC Canadian Open
3,,Sam Burns,4,66.216,266,-1.135,4,RBC Canadian Open
4,,Justin Rose,4,66.216,266,-1.135,4,RBC Canadian Open
5,T13,Corey Conners,4,66.716,268,-1.135,4,RBC Canadian Open
6,T37,Wyndham Clark,4,67.216,270,-1.135,4,RBC Canadian Open
7,T53,Chris Kirk,4,67.216,270,-1.135,4,RBC Canadian Open
8,T18,Keith Mitchell,4,67.216,270,-1.135,4,RBC Canadian Open
9,,Matt Fitzpatrick,4,67.466,271,-1.135,4,RBC Canadian Open
10,,Danny Lee,4,67.466,271,-1.135,4,RBC Canadian Open
11,T32,Shane Lowry,4,67.466,271,-1.135,4,RBC Canadian Open
12,,Austin Cook,4,67.716,272,-1.135,4,RBC Canadian Open
13,,Kelly Kraft,4,67.716,272,-1.135,4,RBC Canadian Open
14,T26,Aaron Rai,4,67.716,272,-1.135,4,RBC Canadian Open
15,,Brendon Todd,4,67.716,272,-1.135,4,RBC Canadian Open
16,,Harold Varner III,4,67.716,272,-1.135,4,RBC Canadian Open
17,T60,Doug Ghim,4,67.966,273,-1.135,4,RBC Canadian Open
18,,Patrick Rodgers,4,67.966,273,-1.135,4,RBC Canadian Open
19,,Scottie Scheffler,4,67.966,273,-1.135,4,RBC Canadian Open
20,,Adam Long,4,68.216,274,-1.135,4,RBC Canadian Open
21,,Scott Piercy,4,68.216,274,-1.135,4,RBC Canadian Open
22,,Alex Smalley,4,68.216,274,-1.135,4,RBC Canadian Open
23,T45,Adam Svensson,4,68.216,274,-1.135,4,RBC Canadian Open
24,,John Huh,4,68.466,275,-1.135,4,RBC Canadian Open
25,,Jim Knous,4,68.466,275,-1.135,4,RBC Canadian Open
26,,Sebastián Muñoz,4,68.466,275,-1.135,4,RBC Canadian Open
27,,Jonas Blixt,4,68.716,276,-1.135,4,RBC Canadian Open
28,T32,Emiliano Grillo,4,68.716,276,-1.135,4,RBC Canadian Open
29,T37,Mackenzie Hughes,4,68.716,276,-1.135,4,RBC Canadian Open
30,,Hank Lebioda,4,68.716,276,-1.135,4,RBC Canadian Open
31,,Chase Seiffert,4,68.716,276,-1.135,4,RBC Canadian Open
32,,Nick Taylor,4,68.716,276,-1.135,4,RBC Canadian Open
33,,Danny Willett,4,68.716,276,-1.135,4,RBC Canadian Open
34,,Ryan Armour,4,68.966,277,-1.135,4,RBC Canadian Open
35,T18,Adam Hadwin,4,68.966,277,-1.135,4,RBC Canadian Open
36,,Nick Hardy,4,68.966,277,-1.135,4,RBC Canadian Open
37,,Charley Hoffman,4,68.966,277,-1.135,4,RBC Canadian Open
38,,Justin Lower,4,68.966,277,-1.135,4,RBC Canadian Open
39,70,Ryan Moore,4,68.966,277,-1.135,4,RBC Canadian Open
40,,Seung-Yul Noh,4,68.966,277,-1.135,4,RBC Canadian Open
41,,Matt Wallace,4,68.966,277,-1.135,4,RBC Canadian Open
42,,Vince Whaley,4,68.966,277,-1.135,4,RBC Canadian Open
43,,Mark Hubbard,4,69.216,278,-1.135,4,RBC Canadian Open
44,,Austin Smotherman,4,69.216,278,-1.135,4,RBC Canadian Open
45,,Paul Barjon,4,69.466,279,-1.135,4,RBC Canadian Open
46,T64,Carlos Ortiz,4,69.466,279,-1.135,4,RBC Canadian Open
47,,Aaron Cockerill,4,69.716,280,-1.135,4,RBC Canadian Open
48,,Lee Hodges,4,69.716,280,-1.135,4,RBC Canadian Open
49,T13,Cameron Smith,4,69.716,280,-1.135,4,RBC Canadian Open
50,T60,Brandt Snedeker,4,69.716,280,-1.135,4,RBC Canadian Open
51,,Vaughn Taylor,4,69.716,280,-1.135,4,RBC Canadian Open
52,,Brett Drewitt,4,69.966,281,-1.135,4,RBC Canadian Open
53,,Ben Martin,4,69.966,281,-1.135,4,RBC Canadian Open
54,,Robert Streb,4,69.966,281,-1.135,4,RBC Canadian Open
55,T5,Sahith Theegala,4,69.966,281,-1.135,4,RBC Canadian Open
56,,Bo Van Pelt,4,69.966,281,-1.135,4,RBC Canadian Open
57,T37,Jhonattan Vegas,4,69.966,281,-1.135,4,RBC Canadian Open
58,,J.J. Henry,4,70.216,282,-1.135,4,RBC Canadian Open
59,,Cameron Percy,4,70.216,282,-1.135,4,RBC Canadian Open
60,,Dylan Frittelli,4,70.466,283,-1.135,4,RBC Canadian Open
61,T64,Kramer Hickok,4,70.466,283,-1.135,4,RBC Canadian Open
62,,Ben Crane,4,70.716,284,-1.135,4,RBC Canadian Open
63,,Rafa Cabrera Bello,4,70.966,285,-1.135,4,RBC Canadian Open
64,,Brandon Hagy,4,70.966,285,-1.135,4,RBC Canadian Open
65,,Andrew Novak,4,70.966,285,-1.135,4,RBC Canadian Open
66,,Sean O'Hair,4,70.966,285,-1.135,4,RBC Canadian Open
67,,David Skinns,4,70.966,285,-1.135,4,RBC Canadian Open
68,,Trey Mullinax,4,71.216,286,-1.135,4,RBC Canadian Open
69,,Dawie van der Walt,4,71.716,288,-1.135,4,RBC Canadian Open
0,T25,K.H. Lee,4,68.467,262,11.867,4,AT&T Bryon Nelson
1,,Jordan Spieth,4,68.717,263,11.867,4,AT&T Bryon Nelson
2,,Hideki Matsuyama,4,68.967,264,11.867,4,AT&T Bryon Nelson
3,,Sebastián Muñoz,4,68.967,264,11.867,4,AT&T Bryon Nelson
4,,Ryan Palmer,4,69.217,265,11.867,4,AT&T Bryon Nelson
5,,Xander Schauffele,4,69.217,265,11.867,4,AT&T Bryon Nelson
6,,Justin Thomas,4,69.217,265,11.867,4,AT&T Bryon Nelson
7,,Charl Schwartzel,4,69.467,266,11.867,4,AT&T Bryon Nelson
8,T9,James Hahn,4,69.717,267,11.867,4,AT&T Bryon Nelson
9,T51,Peter Malnati,4,69.717,267,11.867,4,AT&T Bryon Nelson
10,,Davis Riley,4,69.717,267,11.867,4,AT&T Bryon Nelson
11,,Christiaan Bezuidenhout,4,69.967,268,11.867,4,AT&T Bryon Nelson
12,T49,Matt Kuchar,4,69.967,268,11.867,4,AT&T Bryon Nelson
13,,Alex Noren,4,69.967,268,11.867,4,AT&T Bryon Nelson
14,,Brice Garnett,4,70.217,269,11.867,4,AT&T Bryon Nelson
15,,Scottie Scheffler,4,70.217,269,11.867,4,AT&T Bryon Nelson
16,,Tom Hoge,4,70.467,270,11.867,4,AT&T Bryon Nelson
17,,Beau Hossler,4,70.467,270,11.867,4,AT&T Bryon Nelson
18,,Joohyung Kim,4,70.467,270,11.867,4,AT&T Bryon Nelson
19,,Jason Kokrak,4,70.467,270,11.867,4,AT&T Bryon Nelson
20,,Nate Lashley,4,70.467,270,11.867,4,AT&T Bryon Nelson
21,,Francesco Molinari,4,70.467,270,11.867,4,AT&T Bryon Nelson
22,,Mito Pereira,4,70.467,270,11.867,4,AT&T Bryon Nelson
23,,Seamus Power,4,70.467,270,11.867,4,AT&T Bryon Nelson
24,,David Lipsky,4,70.717,271,11.867,4,AT&T Bryon Nelson
25,,Joaquin Niemann,4,70.717,271,11.867,4,AT&T Bryon Nelson
26,T41,Rory Sabbatini,4,70.717,271,11.867,4,AT&T Bryon Nelson
27,T25,Austin Smotherman,4,70.717,271,11.867,4,AT&T Bryon Nelson
28,,Scott Stallings,4,70.717,271,11.867,4,AT&T Bryon Nelson
29,T64,Michael Thompson,4,70.717,271,11.867,4,AT&T Bryon Nelson
30,,Vince Whaley,4,70.717,271,11.867,4,AT&T Bryon Nelson
31,,Mark Hubbard,4,70.967,272,11.867,4,AT&T Bryon Nelson
32,,Maverick McNealy,4,70.967,272,11.867,4,AT&T Bryon Nelson
33,T64,Taylor Moore,4,70.967,272,11.867,4,AT&T Bryon Nelson
34,,Trey Mullinax,4,70.967,272,11.867,4,AT&T Bryon Nelson
35,,Patrick Rodgers,4,70.967,272,11.867,4,AT&T Bryon Nelson
36,,Adam Scott,4,70.967,272,11.867,4,AT&T Bryon Nelson
37,,Cameron Champ,4,71.217,273,11.867,4,AT&T Bryon Nelson
38,,Branden Grace,4,71.217,273,11.867,4,AT&T Bryon Nelson
39,T6,Stephan Jaeger,4,71.217,273,11.867,4,AT&T Bryon Nelson
40,,Carlos Ortiz,4,71.217,273,11.867,4,AT&T Bryon Nelson
41,,Pat Perez,4,71.217,273,11.867,4,AT&T Bryon Nelson
42,,Conrad Shindler,4,71.217,273,11.867,4,AT&T Bryon Nelson
43,,David Skinns,4,71.217,273,11.867,4,AT&T Bryon Nelson
44,,J.J. Spaun,4,71.217,273,11.867,4,AT&T Bryon Nelson
45,,Emiliano Grillo,4,71.467,274,11.867,4,AT&T Bryon Nelson
46,T31,Justin Lower,4,71.467,274,11.867,4,AT&T Bryon Nelson
47,,Andrew Novak,4,71.467,274,11.867,4,AT&T Bryon Nelson
48,,Aaron Rai,4,71.467,274,11.867,4,AT&T Bryon Nelson
49,T56,Callum Tarren,4,71.467,274,11.867,4,AT&T Bryon Nelson
50,,Joseph Bramlett,4,71.717,275,11.867,4,AT&T Bryon Nelson
51,T15,Jason Day,4,71.717,275,11.867,4,AT&T Bryon Nelson
52,T6,Lanto Griffin,4,71.717,275,11.867,4,AT&T Bryon Nelson
53,,Marc Leishman,4,71.717,275,11.867,4,AT&T Bryon Nelson
54,T31,Matthew NeSmith,4,71.717,275,11.867,4,AT&T Bryon Nelson
55,,Aaron Wise,4,71.717,275,11.867,4,AT&T Bryon Nelson
56,,Jared Wolfe,4,71.717,275,11.867,4,AT&T Bryon Nelson
57,,Brandon Wu,4,71.717,275,11.867,4,AT&T Bryon Nelson
58,,Tyler Duncan,4,71.967,276,11.867,4,AT&T Bryon Nelson
59,,Tommy Fleetwood,4,71.967,276,11.867,4,AT&T Bryon Nelson
60,,Dustin Johnson,4,71.967,276,11.867,4,AT&T Bryon Nelson
61,,Ian Poulter,4,71.967,276,11.867,4,AT&T Bryon Nelson
62,,Matthias Schwab,4,71.967,276,11.867,4,AT&T Bryon Nelson
63,T15,Jhonattan Vegas,4,71.967,276,11.867,4,AT&T Bryon Nelson
64,T51,Paul Barjon,4,72.217,277,11.867,4,AT&T Bryon Nelson
65,,Wesley Bryan,4,72.217,277,11.867,4,AT&T Bryon Nelson
66,,Bill Haas,4,72.217,277,11.867,4,AT&T Bryon Nelson
67,,Peter Uihlein,4,72.217,277,11.867,4,AT&T Bryon Nelson
68,T46,Dylan Frittelli,4,72.467,278,11.867,4,AT&T Bryon Nelson
69,,Chesson Hadley,4,72.467,278,11.867,4,AT&T Bryon Nelson
70,,Seth Reeves,4,72.467,278,11.867,4,AT&T Bryon Nelson
71,,Adam Svensson,4,72.467,278,11.867,4,AT&T Bryon Nelson
72,T37,Michael Gligic,4,72.717,279,11.867,4,AT&T Bryon Nelson
73,,Sepp Straka,4,72.717,279,11.867,4,AT&T Bryon Nelson
74,,Vaughn Taylor,4,72.717,279,11.867,4,AT&T Bryon Nelson
75,,Kiradech Aphibarnrat,4,72.967,280,11.867,4,AT&T Bryon Nelson
76,,Keith Mitchell,4,72.967,280,11.867,4,AT&T Bryon Nelson
77,,Martin Trainer,4,72.967,280,11.867,4,AT&T Bryon Nelson
78,T9,Adam Schenk,4,73.217,281,11.867,4,AT&T Bryon Nelson
79,,Sahith Theegala,4,73.217,281,11.867,4,AT&T Bryon Nelson
80,T41,Dawie van der Walt,4,73.467,282,11.867,4,AT&T Bryon Nelson
81,,Kyle Wilshire,4,73.467,282,11.867,4,AT&T Bryon Nelson
82,,Patton Kizzire,4,73.967,284,11.867,4,AT&T Bryon Nelson
83,,Max McGreevy,4,73.967,284,11.867,4,AT&T Bryon Nelson
0,T14,Xander Schauffele,4,65.903,261,2.61,4,Travelers Championship
1,,J.T. Poston,4,66.403,263,2.61,4,Travelers Championship
2,,Sahith Theegala,4,66.403,263,2.61,4,Travelers Championship
3,,Michael Thorbjornsen,4,66.903,265,2.61,4,Travelers Championship
4,,Chesson Hadley,4,67.153,266,2.61,4,Travelers Championship
5,,Kevin Kisner,4,67.653,268,2.61,4,Travelers Championship
6,,Keith Mitchell,4,67.653,268,2.61,4,Travelers Championship
7,T14,Nick Hardy,4,67.903,269,2.61,4,Travelers Championship
8,T43,Brian Harman,4,67.903,269,2.61,4,Travelers Championship
9,,William McGirt,4,67.903,269,2.61,4,Travelers Championship
10,,Chez Reavie,4,67.903,269,2.61,4,Travelers Championship
11,,Scott Stallings,4,67.903,269,2.61,4,Travelers Championship
12,T14,Patrick Cantlay,4,68.153,270,2.61,4,Travelers Championship
13,,Tony Finau,4,68.153,270,2.61,4,Travelers Championship
14,,John Huh,4,68.153,270,2.61,4,Travelers Championship
15,,Martin Laird,4,68.153,270,2.61,4,Travelers Championship
16,T2,Scottie Scheffler,4,68.153,270,2.61,4,Travelers Championship
17,,Webb Simpson,4,68.153,270,2.61,4,Travelers Championship
18,T7,Keegan Bradley,4,68.403,271,2.61,4,Travelers Championship
19,T61,Harris English,4,68.403,271,2.61,4,Travelers Championship
20,T37,K.H. Lee,4,68.403,271,2.61,4,Travelers Championship
21,,Luke List,4,68.403,271,2.61,4,Travelers Championship
22,T5,Rory McIlroy,4,68.403,271,2.61,4,Travelers Championship
23,T37,Matthew NeSmith,4,68.403,271,2.61,4,Travelers Championship
24,,Ryan Armour,4,68.653,272,2.61,4,Travelers Championship
25,,Bill Haas,4,68.653,272,2.61,4,Travelers Championship
26,,Lee Hodges,4,68.653,272,2.61,4,Travelers Championship
27,T24,Mackenzie Hughes,4,68.653,272,2.61,4,Travelers Championship
28,,Nate Lashley,4,68.653,272,2.61,4,Travelers Championship
29,,Adam Long,4,68.653,272,2.61,4,Travelers Championship
30,T12,Seamus Power,4,68.653,272,2.61,4,Travelers Championship
31,,Brendan Steele,4,68.653,272,2.61,4,Travelers Championship
32,,Kevin Streelman,4,68.653,272,2.61,4,Travelers Championship
33,,Adam Svensson,4,68.653,272,2.61,4,Travelers Championship
34,,Wyndham Clark,4,68.903,273,2.61,4,Travelers Championship
35,T43,Chris Gotterup,4,68.903,273,2.61,4,Travelers Championship
36,,Charles Howell III,4,68.903,273,2.61,4,Travelers Championship
37,,Sam Ryder,4,68.903,273,2.61,4,Travelers Championship
38,,Robert Streb,4,68.903,273,2.61,4,Travelers Championship
39,,Michael Gligic,4,69.153,274,2.61,4,Travelers Championship
40,,Aaron Rai,4,69.153,274,2.61,4,Travelers Championship
41,,Matthew Wolff,4,69.153,274,2.61,4,Travelers Championship
42,T14,Hayden Buckley,4,69.403,275,2.61,4,Travelers Championship
43,,Conrad Shindler,4,69.403,275,2.61,4,Travelers Championship
44,,Harold Varner III,4,69.403,275,2.61,4,Travelers Championship
45,,Tyler Duncan,4,69.653,276,2.61,4,Travelers Championship
46,,Tommy Fleetwood,4,69.653,276,2.61,4,Travelers Championship
47,,Mark Hubbard,4,69.653,276,2.61,4,Travelers Championship
48,,Andrew Novak,4,69.653,276,2.61,4,Travelers Championship
49,T31,Andrew Putnam,4,69.653,276,2.61,4,Travelers Championship
50,,Ben Silverman,4,69.653,276,2.61,4,Travelers Championship
51,,Matt Wallace,4,69.653,276,2.61,4,Travelers Championship
52,,Paul Barjon,4,69.903,277,2.61,4,Travelers Championship
53,,Stewart Cink,4,69.903,277,2.61,4,Travelers Championship
54,,Matthias Schwab,4,69.903,277,2.61,4,Travelers Championship
55,,Jonas Blixt,4,70.153,278,2.61,4,Travelers Championship
56,T37,Joseph Bramlett,4,70.153,278,2.61,4,Travelers Championship
57,,Cam Davis,4,70.153,278,2.61,4,Travelers Championship
58,,Luke Donald,4,70.153,278,2.61,4,Travelers Championship
59,,Kelly Kraft,4,70.153,278,2.61,4,Travelers Championship
60,,Hank Lebioda,4,70.153,278,2.61,4,Travelers Championship
61,,Taylor Moore,4,70.153,278,2.61,4,Travelers Championship
62,,Austin Cook,4,70.403,279,2.61,4,Travelers Championship
63,,Patton Kizzire,4,70.653,280,2.61,4,Travelers Championship
64,,Peter Malnati,4,70.653,280,2.61,4,Travelers Championship
65,T31,Davis Riley,4,70.653,280,2.61,4,Travelers Championship
66,,Kevin Tway,4,70.903,281,2.61,4,Travelers Championship
67,,Morgan Hoffmann,4,71.153,282,2.61,4,Travelers Championship
68,T10,Joel Dahmen,4,71.653,284,2.61,4,Travelers Championship
69,,Lucas Glover,4,71.903,285,2.61,4,Travelers Championship
70,,Harry Higgs,4,71.903,285,2.61,4,Travelers Championship
0,,Max Homa,4,66.24,272,-7.04,4,Wells Fargo Championship
1,,Keegan Bradley,4,66.74,274,-7.04,4,Wells Fargo Championship
2,,Matt Fitzpatrick,4,66.74,274,-7.04,4,Wells Fargo Championship
3,,Cameron Young,4,66.74,274,-7.04,4,Wells Fargo Championship
4,,Rory McIlroy,4,67.24,276,-7.04,4,Wells Fargo Championship
5,T15,Lanto Griffin,4,67.49,277,-7.04,4,Wells Fargo Championship
6,T15,Stephan Jaeger,4,67.49,277,-7.04,4,Wells Fargo Championship
7,T15,Anirban Lahiri,4,67.49,277,-7.04,4,Wells Fargo Championship
8,,Stewart Cink,4,67.74,278,-7.04,4,Wells Fargo Championship
9,,James Hahn,4,67.74,278,-7.04,4,Wells Fargo Championship
10,,Brian Harman,4,67.74,278,-7.04,4,Wells Fargo Championship
11,,Mackenzie Hughes,4,67.74,278,-7.04,4,Wells Fargo Championship
12,,J.T. Poston,4,67.74,278,-7.04,4,Wells Fargo Championship
13,,Adam Schenk,4,67.74,278,-7.04,4,Wells Fargo Championship
14,,Jason Day,4,67.99,279,-7.04,4,Wells Fargo Championship
15,T2,Kurt Kitayama,4,67.99,279,-7.04,4,Wells Fargo Championship
16,T29,C.T. Pan,4,67.99,279,-7.04,4,Wells Fargo Championship
17,T13,Chez Reavie,4,67.99,279,-7.04,4,Wells Fargo Championship
18,,Nick Taylor,4,67.99,279,-7.04,4,Wells Fargo Championship
19,,Jhonattan Vegas,4,67.99,279,-7.04,4,Wells Fargo Championship
20,,Corey Conners,4,68.24,280,-7.04,4,Wells Fargo Championship
21,,Rickie Fowler,4,68.24,280,-7.04,4,Wells Fargo Championship
22,,Sergio Garcia,4,68.24,280,-7.04,4,Wells Fargo Championship
23,,Chad Ramey,4,68.24,280,-7.04,4,Wells Fargo Championship
24,,Ryan Armour,4,68.49,281,-7.04,4,Wells Fargo Championship
25,,Luke Donald,4,68.49,281,-7.04,4,Wells Fargo Championship
26,,K.H. Lee,4,68.49,281,-7.04,4,Wells Fargo Championship
27,,Denny McCarthy,4,68.49,281,-7.04,4,Wells Fargo Championship
28,T67,Austin Smotherman,4,68.49,281,-7.04,4,Wells Fargo Championship
29,,Matthew Wolff,4,68.49,281,-7.04,4,Wells Fargo Championship
30,,Luke List,4,68.74,282,-7.04,4,Wells Fargo Championship
31,T64,Justin Lower,4,68.74,282,-7.04,4,Wells Fargo Championship
32,,Matthew NeSmith,4,68.74,282,-7.04,4,Wells Fargo Championship
33,T51,Turk Pettit,4,68.74,282,-7.04,4,Wells Fargo Championship
34,,Russell Knox,4,68.99,283,-7.04,4,Wells Fargo Championship
35,,Troy Merritt,4,68.99,283,-7.04,4,Wells Fargo Championship
36,T24,Michael Gligic,4,69.24,284,-7.04,4,Wells Fargo Championship
37,,Tyrrell Hatton,4,69.24,284,-7.04,4,Wells Fargo Championship
38,,Si Woo Kim,4,69.24,284,-7.04,4,Wells Fargo Championship
39,T33,Scott Piercy,4,69.24,284,-7.04,4,Wells Fargo Championship
40,T2,Tony Finau,4,69.49,285,-7.04,4,Wells Fargo Championship
41,,Russell Henley,4,69.49,285,-7.04,4,Wells Fargo Championship
42,T29,Hank Lebioda,4,69.49,285,-7.04,4,Wells Fargo Championship
43,,Rory Sabbatini,4,69.49,285,-7.04,4,Wells Fargo Championship
44,,Dawie van der Walt,4,69.49,285,-7.04,4,Wells Fargo Championship
45,,Dylan Frittelli,4,69.74,286,-7.04,4,Wells Fargo Championship
46,,David Lingmerth,4,69.74,286,-7.04,4,Wells Fargo Championship
47,,Chase Seiffert,4,69.74,286,-7.04,4,Wells Fargo Championship
48,T15,Kelly Kraft,4,69.99,287,-7.04,4,Wells Fargo Championship
49,,Matt Kuchar,4,69.99,287,-7.04,4,Wells Fargo Championship
50,,Paul Barjon,4,70.24,288,-7.04,4,Wells Fargo Championship
51,,Joel Dahmen,4,70.24,288,-7.04,4,Wells Fargo Championship
52,T15,Peter Malnati,4,70.24,288,-7.04,4,Wells Fargo Championship
53,,Ben Martin,4,70.24,288,-7.04,4,Wells Fargo Championship
54,,Brendan Steele,4,70.24,288,-7.04,4,Wells Fargo Championship
55,T42,Abraham Ancer,4,70.49,289,-7.04,4,Wells Fargo Championship
56,T61,Callum Tarren,4,70.49,289,-7.04,4,Wells Fargo Championship
57,,Camilo Villegas,4,70.49,289,-7.04,4,Wells Fargo Championship
58,T42,Ben Kohles,4,70.74,290,-7.04,4,Wells Fargo Championship
59,,Henrik Norlander,4,70.74,290,-7.04,4,Wells Fargo Championship
60,,Martin Laird,4,70.99,291,-7.04,4,Wells Fargo Championship
61,,Kevin Chappell,4,71.49,293,-7.04,4,Wells Fargo Championship
62,,Dylan Wu,4,71.49,293,-7.04,4,Wells Fargo Championship
63,,Taylor Moore,4,71.99,295,-7.04,4,Wells Fargo Championship
64,,Michael Thompson,4,71.99,295,-7.04,4,Wells Fargo Championship
